LCLid,s_night_jan,jan_max_overnight_kw,r_seasonal,heating_type
MAC000003,0.8222,7.15,4.5913,seasonal
MAC000032,0.8381,6.352,7.5004,seasonal
MAC000034,0.879,12.188,23.387,seasonal
MAC000312,0.7435,7.78,5.2129,seasonal
MAC000331,0.8491,7.334,4.4757,seasonal
MAC000415,0.8018,7.274,4.5846,seasonal
MAC003218,0.7119,17.5,,insufficient_july_data
MAC004428,0.8046,10.094,26.0594,seasonal
MAC004515,0.7044,6.734,8.6477,seasonal
MAC004563,0.8368,5.756,7.0568,seasonal
MAC004582,0.7993,9.06,5.1746,seasonal
MAC004863,0.8351,8.894,1.0329,year_round
MAC004866,0.695,6.452,5.7372,seasonal
MAC004884,0.766,6.45,11.8972,seasonal
MAC004897,0.8623,11.884,9.4283,seasonal
MAC004902,0.7777,10.69,6.4221,seasonal
MAC004903,0.7938,10.186,7.4364,seasonal
MAC004954,0.9213,9.688,13.9934,seasonal
MAC004970,0.7717,8.72,9.4123,seasonal
MAC004980,0.6967,5.806,2.2668,seasonal
MAC004983,0.8423,12.006,5.3101,seasonal
MAC005009,0.7133,10.256,3.8678,seasonal
MAC005014,0.8569,2.998,1.1136,year_round
MAC005041,0.7964,12.308,4.2821,seasonal
MAC005198,0.8406,12.994,15.2595,seasonal
MAC005216,0.846,6.698,4.382,seasonal
MAC005263,0.7927,5.78,,data_quality_flag_zero_july
MAC005267,0.7351,7.168,6.0487,seasonal
MAC005307,0.7665,7.78,12.5094,seasonal
MAC005336,0.8828,6.752,7.3905,seasonal
MAC005337,0.8073,3.258,1.7609,year_round
MAC005340,0.8264,5.814,3.4947,seasonal
MAC005344,0.7381,4.776,1.5211,year_round
MAC005345,0.8101,6.536,4.186,seasonal
MAC005376,0.7711,7.504,2.1138,seasonal
MAC005377,0.8528,4.398,25.9376,seasonal
MAC005385,0.8594,8.454,5.4956,seasonal
MAC005386,0.871,6.464,3.8363,seasonal
MAC005388,0.714,6.894,5.4051,seasonal
MAC005397,0.7714,6.67,5.5684,seasonal
MAC005398,0.813,9.632,8.6452,seasonal
MAC005422,0.8531,8.942,3.5309,seasonal
