date,temp_c_mean,wind_kmh_mean
2013-01-01,5.8,16.8
2013-01-02,6.2,15.1
2013-01-03,10.2,16.6
2013-01-04,8.8,13.2
2013-01-05,8.6,11.1
2013-01-06,7.0,8.6
2013-01-07,7.6,12.5
2013-01-08,8.9,14.5
2013-01-09,6.8,8.8
2013-01-10,1.8,5.1
2013-01-11,2.7,6.6
2013-01-12,2.7,17.7
2013-01-13,1.1,13.5
2013-01-14,0.2,12.1
2013-01-15,0.6,15.6
2013-01-16,-2.2,6.3
2013-01-17,-2.2,6.5
2013-01-18,-1.4,17.6
2013-01-19,-0.2,16.3
2013-01-20,-1.2,13.6
2013-01-21,-1.5,5.6
2013-01-22,-1.5,14.0
2013-01-23,0.9,15.9
2013-01-24,-0.3,10.2
2013-01-25,-1.5,13.5
2013-01-26,3.3,18.3
2013-01-27,7.6,27.2
2013-01-28,5.8,25.0
2013-01-29,10.9,26.5
2013-01-30,10.1,28.6
2013-01-31,8.2,28.2
2013-02-01,5.4,13.0
2013-02-02,2.7,19.7
2013-02-03,3.6,16.5
2013-02-04,7.9,24.8
2013-02-05,3.6,26.0
2013-02-06,3.5,25.3
2013-02-07,1.9,15.1
2013-02-08,1.2,12.7
2013-02-09,1.6,8.1
2013-02-10,2.6,18.0
2013-02-11,1.1,14.8
2013-02-12,1.1,11.5
2013-02-13,0.5,13.8
2013-02-14,6.5,18.6
2013-02-15,4.4,10.4
2013-02-16,5.0,5.3
2013-02-17,3.5,11.1
2013-02-18,3.3,11.1
2013-02-19,0.8,4.9
2013-02-20,2.0,15.7
2013-02-21,0.7,17.8
2013-02-22,0.3,17.6
2013-02-23,0.3,16.2
2013-02-24,0.4,18.4
2013-02-25,2.5,18.8
2013-02-26,3.5,17.5
2013-02-27,3.0,16.9
2013-02-28,3.5,16.7
2013-03-01,3.9,14.9
2013-03-02,2.3,8.0
2013-03-03,2.6,9.2
2013-03-04,3.6,12.7
2013-03-05,5.8,8.3
2013-03-06,7.4,9.8
2013-03-07,8.0,10.1
2013-03-08,8.5,8.4
2013-03-09,6.0,8.2
2013-03-10,2.1,18.9
2013-03-11,-0.2,29.8
2013-03-12,0.1,26.3
2013-03-13,1.9,14.8
2013-03-14,1.0,9.9
2013-03-15,4.3,22.3
2013-03-16,6.1,27.7
2013-03-17,4.7,12.9
2013-03-18,3.2,6.0
2013-03-19,3.3,6.1
2013-03-20,3.2,10.0
2013-03-21,3.1,15.0
2013-03-22,3.2,26.3
2013-03-23,1.6,22.4
2013-03-24,0.1,20.9
2013-03-25,0.4,21.8
2013-03-26,0.3,19.0
2013-03-27,0.8,15.6
2013-03-28,1.0,15.0
2013-03-29,0.2,13.4
2013-03-30,1.2,14.2
2013-03-31,0.5,12.0
2013-04-01,1.8,20.3
2013-04-02,2.6,20.2
2013-04-03,1.7,22.9
2013-04-04,1.9,23.8
2013-04-05,3.3,24.0
2013-04-06,3.5,12.8
2013-04-07,3.2,8.9
2013-04-08,4.9,16.5
2013-04-09,4.8,15.0
2013-04-10,6.1,10.6
2013-04-11,7.1,12.0
2013-04-12,8.4,16.3
2013-04-13,8.2,19.8
2013-04-14,13.4,24.9
2013-04-15,11.5,21.1
2013-04-16,11.3,23.3
2013-04-17,11.8,21.6
2013-04-18,10.1,30.1
2013-04-19,8.4,15.4
2013-04-20,5.9,8.2
2013-04-21,7.0,9.1
2013-04-22,9.3,14.6
2013-04-23,13.1,11.8
2013-04-24,12.5,11.8
2013-04-25,14.2,11.3
2013-04-26,8.9,13.4
2013-04-27,6.0,14.0
2013-04-28,6.2,13.5
2013-04-29,9.2,15.7
2013-04-30,7.9,12.8
2013-05-01,8.4,10.7
2013-05-02,9.1,10.4
2013-05-03,11.1,10.0
2013-05-04,10.9,18.8
2013-05-05,11.4,7.8
2013-05-06,13.2,5.2
2013-05-07,13.8,8.0
2013-05-08,12.9,17.7
2013-05-09,10.5,28.2
2013-05-10,12.4,25.0
2013-05-11,10.4,21.6
2013-05-12,9.6,19.9
2013-05-13,11.0,23.6
2013-05-14,8.6,19.0
2013-05-15,9.1,22.7
2013-05-16,9.5,6.1
2013-05-17,9.1,11.5
2013-05-18,10.9,9.2
2013-05-19,12.7,8.8
2013-05-20,13.4,16.7
2013-05-21,12.9,15.0
2013-05-22,11.4,12.9
2013-05-23,8.1,18.0
2013-05-24,7.1,19.8
2013-05-25,9.5,14.2
2013-05-26,11.5,11.1
2013-05-27,11.0,15.3
2013-05-28,10.8,9.1
2013-05-29,10.7,10.7
2013-05-30,12.4,14.2
2013-05-31,14.5,14.4
2013-06-01,12.9,14.7
2013-06-02,12.8,11.3
2013-06-03,11.9,11.9
2013-06-04,12.1,17.1
2013-06-05,12.6,13.2
2013-06-06,13.3,15.9
2013-06-07,14.1,18.3
2013-06-08,12.4,20.2
2013-06-09,12.5,17.3
2013-06-10,12.4,6.4
2013-06-11,13.3,14.9
2013-06-12,15.2,23.8
2013-06-13,14.6,27.9
2013-06-14,13.5,17.6
2013-06-15,13.9,25.4
2013-06-16,13.5,13.3
2013-06-17,14.9,17.2
2013-06-18,17.2,9.6
2013-06-19,19.0,7.3
2013-06-20,17.3,10.4
2013-06-21,16.6,13.1
2013-06-22,14.3,26.7
2013-06-23,14.8,24.8
2013-06-24,12.8,15.9
2013-06-25,14.1,7.9
2013-06-26,16.0,8.9
2013-06-27,14.5,10.0
2013-06-28,15.4,13.5
2013-06-29,15.8,13.5
2013-06-30,18.5,14.8
2013-07-01,16.3,13.7
2013-07-02,14.5,12.8
2013-07-03,16.4,14.5
2013-07-04,17.1,15.4
2013-07-05,18.3,7.2
2013-07-06,18.9,5.2
2013-07-07,20.5,9.2
2013-07-08,18.9,15.4
2013-07-09,18.1,13.3
2013-07-10,17.2,15.8
2013-07-11,15.2,13.0
2013-07-12,17.0,7.9
2013-07-13,21.6,6.9
2013-07-14,22.1,8.0
2013-07-15,21.8,6.2
2013-07-16,22.8,4.0
2013-07-17,22.9,4.8
2013-07-18,21.2,11.9
2013-07-19,20.3,15.7
2013-07-20,18.8,17.1
2013-07-21,20.2,13.0
2013-07-22,23.8,10.0
2013-07-23,23.1,9.0
2013-07-24,20.5,12.5
2013-07-25,19.8,13.3
2013-07-26,19.6,5.9
2013-07-27,20.0,5.5
2013-07-28,18.7,20.9
2013-07-29,17.9,20.6
2013-07-30,16.8,16.1
2013-07-31,18.6,17.2
2013-08-01,22.8,14.7
2013-08-02,19.6,14.6
2013-08-03,18.1,18.7
2013-08-04,17.9,17.2
2013-08-05,18.3,15.2
2013-08-06,16.8,7.6
2013-08-07,17.3,11.7
2013-08-08,16.6,8.2
2013-08-09,18.3,15.1
2013-08-10,16.9,10.4
2013-08-11,18.2,14.0
2013-08-12,16.3,13.5
2013-08-13,15.3,12.3
2013-08-14,16.4,9.9
2013-08-15,19.2,17.3
2013-08-16,17.9,14.9
2013-08-17,16.6,19.6
2013-08-18,18.8,16.9
2013-08-19,17.0,11.3
2013-08-20,17.6,5.8
2013-08-21,18.1,7.5
2013-08-22,18.7,6.3
2013-08-23,20.0,12.7
2013-08-24,17.0,12.9
2013-08-25,17.1,16.9
2013-08-26,18.2,12.2
2013-08-27,16.1,8.4
2013-08-28,16.1,5.6
2013-08-29,17.9,9.3
2013-08-30,18.3,13.5
2013-08-31,16.3,13.7
2013-09-01,14.7,12.1
2013-09-02,16.8,12.0
2013-09-03,18.5,4.7
2013-09-04,18.7,6.7
2013-09-05,20.4,5.2
2013-09-06,15.4,10.1
2013-09-07,13.6,13.8
2013-09-08,11.8,9.9
2013-09-09,11.6,8.3
2013-09-10,12.5,17.8
2013-09-11,13.5,15.7
2013-09-12,14.1,6.3
2013-09-13,16.2,7.0
2013-09-14,11.7,13.6
2013-09-15,11.3,18.8
2013-09-16,11.2,20.9
2013-09-17,11.0,14.9
2013-09-18,12.3,12.8
2013-09-19,12.0,16.4
2013-09-20,13.4,9.3
2013-09-21,13.5,10.4
2013-09-22,16.8,6.9
2013-09-23,16.6,5.3
2013-09-24,15.1,5.6
2013-09-25,15.7,4.8
2013-09-26,14.5,12.4
2013-09-27,12.6,13.2
2013-09-28,14.3,17.4
2013-09-29,14.3,18.1
2013-09-30,14.9,13.9
2013-10-01,14.3,15.7
2013-10-02,15.4,14.1
2013-10-03,16.1,15.5
2013-10-04,17.3,19.1
2013-10-05,15.3,7.3
2013-10-06,13.8,6.6
2013-10-07,13.3,9.0
2013-10-08,15.6,11.5
2013-10-09,13.6,15.1
2013-10-10,9.3,27.3
2013-10-11,11.1,27.7
2013-10-12,11.4,14.6
2013-10-13,9.6,16.1
2013-10-14,9.1,14.0
2013-10-15,9.5,11.6
2013-10-16,9.7,16.4
2013-10-17,13.2,15.8
2013-10-18,12.6,12.7
2013-10-19,13.9,15.9
2013-10-20,13.4,21.4
2013-10-21,14.8,23.1
2013-10-22,16.0,22.4
2013-10-23,13.9,23.5
2013-10-24,11.1,10.9
2013-10-25,15.3,22.3
2013-10-26,15.0,27.3
2013-10-27,13.5,27.4
2013-10-28,12.7,30.3
2013-10-29,9.1,18.3
2013-10-30,9.0,15.6
2013-10-31,12.5,17.9
2013-11-01,12.0,14.9
2013-11-02,11.5,19.6
2013-11-03,8.7,23.4
2013-11-04,7.4,17.9
2013-11-05,7.6,17.3
2013-11-06,10.4,19.0
2013-11-07,10.4,13.1
2013-11-08,7.5,11.6
2013-11-09,5.4,11.4
2013-11-10,5.2,12.6
2013-11-11,8.5,17.0
2013-11-12,10.0,11.7
2013-11-13,5.1,9.7
2013-11-14,7.2,21.7
2013-11-15,4.8,13.5
2013-11-16,4.0,6.5
2013-11-17,6.0,6.3
2013-11-18,7.8,7.4
2013-11-19,2.9,15.9
2013-11-20,2.3,18.2
2013-11-21,4.5,22.2
2013-11-22,4.8,19.6
2013-11-23,4.6,15.5
2013-11-24,4.6,15.6
2013-11-25,4.0,14.3
2013-11-26,2.5,9.7
2013-11-27,6.4,6.7
2013-11-28,7.2,6.7
2013-11-29,7.3,16.9
2013-11-30,5.3,16.4
2013-12-01,3.7,8.4
2013-12-02,5.5,7.8
2013-12-03,3.2,5.4
2013-12-04,4.4,12.6
2013-12-05,4.4,23.8
2013-12-06,4.3,15.6
2013-12-07,5.9,13.5
2013-12-08,7.3,16.9
2013-12-09,6.7,12.8
2013-12-10,3.9,9.2
2013-12-11,2.8,8.9
2013-12-12,5.2,12.8
2013-12-13,8.7,16.5
2013-12-14,7.3,22.6
2013-12-15,10.7,25.1
2013-12-16,11.4,23.5
2013-12-17,6.3,7.4
2013-12-18,8.1,23.6
2013-12-19,6.1,18.0
2013-12-20,5.4,21.1
2013-12-21,10.2,33.8
2013-12-22,7.1,22.9
2013-12-23,8.1,32.9
2013-12-24,8.5,29.2
2013-12-25,4.7,13.8
2013-12-26,4.1,11.7
2013-12-27,9.0,32.5
2013-12-28,4.8,13.7
2013-12-29,2.3,13.6
2013-12-30,7.8,28.7
2013-12-31,7.4,21.3
